class,n_images,R_mean,R_std,G_mean,G_std,B_mean,B_std
AKIEC,25,177.07386779785156,23.874614715576172,127.20447540283203,26.69629669189453,119.4132308959961,26.1973934173584
BCC,25,176.8629913330078,16.80353546142578,134.3502960205078,20.03543472290039,117.9280014038086,20.11824607849121
BEN_OTH,25,164.34701538085938,22.937480926513672,131.39730834960938,26.708696365356445,125.46595001220703,28.729398727416992
BKL,25,170.78746032714844,18.0145206451416,130.08499145507812,21.394603729248047,108.43048858642578,22.746784210205078
DF,25,172.19406127929688,17.011859893798828,141.14869689941406,21.290292739868164,131.54734802246094,22.510347366333008
INF,25,179.6112823486328,16.443496704101562,143.9819793701172,19.35038948059082,143.89759826660156,20.32583236694336
MAL_OTH,18,169.1710662841797,18.428041458129883,134.92169189453125,22.30365753173828,128.91632080078125,24.250001907348633
MEL,25,172.6973419189453,27.592514038085938,133.38961791992188,34.10401153564453,120.57856750488281,36.688934326171875
NV,25,167.3282012939453,23.629005432128906,139.8814239501953,27.829404830932617,128.26512145996094,29.814895629882812
SCCKA,25,157.12010192871094,20.961618423461914,116.97447204589844,24.403854370117188,109.27603149414062,26.104248046875
